UserID,Location,Age,Name,Email,Password
11601,"brooklyn new york usa",,George,george@gmail.com,123
11676,"montreal",,Wendy,wendy@gmail.com,123
16795,"mechanicsville maryland usa",47.0,Yara,yara@gmail.com,123
23768,"st. louis missouri usa",45.0,Ryan,ryan@gmail.com,123
26544,"woodbridge virginia usa",37.0,Uma,uma@gmail.com,123
35859,"duluth minnesota usa",,Kevin,kevin@gmail.com,123
36606,"san marcos california usa",39.0,Julia,julia@gmail.com,123
36836,"raleigh north carolina usa",56.0,Charlie,charlie@gmail.com,123
43246,"toronto ontario canada",36.0,Diana,diana@gmail.com,123
52584,"livermore california usa",45.0,Charlie,charlie@gmail.com,123
55492,"antioch illinois usa",43.0,Penny,penny@gmail.com,123
60244,"alvin texas usa",47.0,Nora,nora@gmail.com,123
69697,"west sacramento california usa",24.0,Evan,evan@gmail.com,123
73394,"san diego california usa",33.0,Sophia,sophia@gmail.com,123
76352,"olympia washington usa",58.0,Yara,yara@gmail.com,123
78783,"chantilly virginia usa",49.0,Charlie,charlie@gmail.com,123
98391,"morrow georgia usa",52.0,Ian,ian@gmail.com,123
98741,"fairbanks alaska usa",30.0,Xavier,xavier@gmail.com,123
102967,"olympia washington usa",54.0,Xavier,xavier@gmail.com,123
110973,"wiley ford west virginia usa",43.0,Wendy,wendy@gmail.com,123
123981,"phoenix arizona usa",46.0,Wendy,wendy@gmail.com,123
129358,"highland california usa",36.0,Nora,nora@gmail.com,123
135149,"ft. pierce florida usa",,Yara,yara@gmail.com,123
148744,"campbellsport wisconsin usa",67.0,Bob,bob@gmail.com,123
153662,"ft. stewart georgia usa",44.0,Alice,alice@gmail.com,123
171118,"toronto ontario canada",47.0,Fiona,fiona@gmail.com,123
172742,"astoria oregon usa",44.0,Bob,bob@gmail.com,123
175003,"round rock texas usa",33.0,Wendy,wendy@gmail.com,123
177458,"ottawa ontario canada",29.0,Xavier,xavier@gmail.com,123
182085,"ginsheim hessen germany",,Fiona,fiona@gmail.com,123
185233,"winnemucca nevada usa",31.0,Sophia,sophia@gmail.com,123
189334,"ottawa ontario canada",49.0,Nora,nora@gmail.com,123
189835,"honolulu hawaii usa",,Penny,penny@gmail.com,123
190925,"hobe sound florida usa",51.0,Charlie,charlie@gmail.com,123
198711,"little canada minnesota usa",62.0,Kevin,kevin@gmail.com,123
204864,"simi valley california usa",47.0,Ryan,ryan@gmail.com,123
212898,"la ronge saskatchewan canada",,Quinn,quinn@gmail.com,123
213350,"rowland heights california usa",65.0,Victor,victor@gmail.com,123
226545,"mesa arizona usa",38.0,Miles,miles@gmail.com,123
227447,"kelseyville california usa",38.0,Evan,evan@gmail.com,123
230522,"colorado springs colorado usa",52.0,Kevin,kevin@gmail.com,123
231210,"roanoke virginia usa",44.0,Tom,tom@gmail.com,123
232131,"oakland california usa",,Ian,ian@gmail.com,123
234623,"scarborough maine usa",,Victor,victor@gmail.com,123
235105,"st louis missouri usa",46.0,Yara,yara@gmail.com,123
238781,"yucca valley california usa",51.0,Alice,alice@gmail.com,123
242824,"belton texas usa",21.0,Hannah,hannah@gmail.com,123
245963,"saint louis missouri usa",,Nora,nora@gmail.com,123
269566,"seattle washington usa",9.0,Sophia,sophia@gmail.com,123
278418,"omaha nebraska usa",,Alice,alice@gmail.com,123
